{
  "generated_at": "2026-04-06T04:00:28.407200+00:00",
  "training_rows": 25,
  "testing_rows": 7,
  "baseline": {
    "mae": 0.2857142857142857,
    "mape": 14.285714285714285
  },
  "xgboost": {
    "mae": 0.2857142857142857,
    "mape": 14.285714285714285
  },
  "xgboost_amount": {
    "mae": 4.093814032418387,
    "mape": 8.588843600541944
  }
}